brand,total,severe,serious,industry,first_year,last_year,severe_rate,peak_year,peak_count,peak_ratio,onset_year,onset_ratio,is_spike,watch_score
TRIVEREX MALE ENHANCEMENT,27,25,27,Vit/Min/Prot/Unconv Diet(Human/Animal),2012,2012,92.6,2012,27,27.0,,0.0,True,94.3
ALL DAY ENERGY GREENS,183,109,183,Vit/Min/Prot/Unconv Diet(Human/Animal),2016,2017,59.6,2016,181,90.5,,0.0,True,93.6
ALL DAY ENERGY GREENS FRUITY,111,62,111,Vit/Min/Prot/Unconv Diet(Human/Animal),2016,2016,55.9,2016,111,111.0,,0.0,True,92.7
BENEFIBER WITH WHEAT DEXTRIN (NCH) WHEAT DEXTRIN POWDER,33,20,33,Vit/Min/Prot/Unconv Diet(Human/Animal),2013,2014,60.6,2013,32,32.0,,0.0,True,90.6
NAC MARKETING AGELESS MALE TABLET,27,17,27,Vit/Min/Prot/Unconv Diet(Human/Animal),2014,2014,63.0,2014,27,27.0,,0.0,True,89.7
NAC MARKETING SUPER BETA PROSTATE,34,18,34,Vit/Min/Prot/Unconv Diet(Human/Animal),2014,2015,52.9,2014,33,33.0,,0.0,True,89.0
GO RUBY GO,28,15,28,Vit/Min/Prot/Unconv Diet(Human/Animal),2016,2016,53.6,2016,28,28.0,,0.0,True,88.0
NEW VITALITY SUPER BETA PROSTATE,27,23,26,Vit/Min/Prot/Unconv Diet(Human/Animal),2012,2015,85.2,2013,24,16.0,,0.0,True,87.7
ALL DAY ENERGY GREENS.,27,14,27,Vit/Min/Prot/Unconv Diet(Human/Animal),2016,2016,51.9,2016,27,27.0,,0.0,True,87.1
CHOBANI YOGURT,84,33,53,Milk/Butter/Dried Milk Prod,2011,2017,39.3,2013,78,78.0,,0.0,True,85.2
CHOBANI GREEK YOGURT,53,21,29,Milk/Butter/Dried Milk Prod,2010,2013,39.6,2013,51,51.0,,0.0,True,84.6
ISAGENIX ISAFLUSH,21,21,21,Vit/Min/Prot/Unconv Diet(Human/Animal),2010,2016,100.0,2015,13,8.7,,0.0,True,84.5
OXYELITE PRO,79,51,70,Vit/Min/Prot/Unconv Diet(Human/Animal),2011,2016,64.6,2013,58,14.5,2013.0,7.2,True,84.2
HYDROXYCUT,171,97,150,Vit/Min/Prot/Unconv Diet(Human/Animal),2004,2017,56.7,2009,99,16.5,2009.0,8.2,True,84.1
TRIVEREX,50,37,48,Vit/Min/Prot/Unconv Diet(Human/Animal),2011,2013,74.0,2012,42,10.5,,0.0,True,82.7
AXONA,41,25,40,Dietary Conv Food/Meal Replacements,2011,2015,61.0,2013,23,11.5,,0.0,True,81.9
REUMOFAN PLUS,62,28,50,Vit/Min/Prot/Unconv Diet(Human/Animal),2011,2015,45.2,2012,44,22.0,,0.0,True,81.6
NO XPLODE,39,26,33,Vit/Min/Prot/Unconv Diet(Human/Animal),2005,2014,66.7,2009,18,9.0,,0.0,True,80.4
SIMPLY THICK,37,31,37,Dietary Conv Food/Meal Replacements,2011,2013,83.8,2011,29,7.2,,0.0,True,79.2
HYDROXYCUT HARDCORE,51,21,48,Vit/Min/Prot/Unconv Diet(Human/Animal),2008,2016,41.2,2009,37,18.5,,0.0,True,78.6
ISAGENIX NATURAL ACCELERATOR,31,30,30,Vit/Min/Prot/Unconv Diet(Human/Animal),2008,2016,96.8,2015,11,5.5,,0.0,True,77.9
HERBALIFE HERBAL TEA CONCENTRATE,29,27,29,Coffee/Tea,2007,2015,93.1,2009,8,5.3,,0.0,False,77.3
RAW OYSTERS,306,172,179,Fishery/Seafood Prod,2004,2015,56.2,2013,88,7.3,2011.0,4.2,True,75.8
STACKER 2,21,10,12,Vit/Min/Prot/Unconv Diet(Human/Animal),2004,2014,47.6,2004,9,9.0,,0.0,False,75.3
PRENATAL VITAMIN,23,13,21,Vit/Min/Prot/Unconv Diet(Human/Animal),2008,2017,56.5,2015,7,7.0,,0.0,False,74.7
TRIPLE ACTION VIRILITY,98,41,98,Vit/Min/Prot/Unconv Diet(Human/Animal),2013,2017,41.8,2016,52,10.4,2015.0,4.4,True,74.6
HYDROXYCUT REGULAR RAPID RELEASE CAPLETS,327,91,325,Vit/Min/Prot/Unconv Diet(Human/Animal),2009,2014,27.8,2011,195,39.0,2010.0,10.8,True,73.3
GLUTEN FREE HONEY NUT CHEERIOS,42,17,33,Cereal Prep/Breakfast Food,2015,2016,40.5,2015,38,9.5,,0.0,True,72.8
LEPTIBURN,53,40,53,Vit/Min/Prot/Unconv Diet(Human/Animal),2013,2017,75.5,2016,25,5.0,,0.0,True,72.5
5-HOUR ENERGY,45,24,44,Vit/Min/Prot/Unconv Diet(Human/Animal),2010,2017,53.3,2012,18,6.0,,0.0,True,72.3
MELATONIN,64,29,53,Vit/Min/Prot/Unconv Diet(Human/Animal),2004,2017,45.3,2015,18,7.2,,0.0,True,71.9
BENEFIBER W WHEAT DEXTRIN (NCH) (WHEAT DEXTRIN) POWDER,118,24,117,Vit/Min/Prot/Unconv Diet(Human/Animal),2013,2016,20.3,2013,110,55.0,,0.0,True,71.8
JACK3D,25,16,24,Vit/Min/Prot/Unconv Diet(Human/Animal),2011,2016,64.0,2012,15,5.0,,0.0,True,71.1
PETER PAN PEANUT BUTTER,133,24,31,Nuts/Edible Seed,2007,2010,18.0,2007,120,60.0,,0.0,True,70.4
PLEXUS SLIM,59,50,56,Vit/Min/Prot/Unconv Diet(Human/Animal),2012,2017,84.7,2016,23,4.6,2015.0,4.4,True,70.0
SUPER BETA PROSTATE,648,244,642,Vit/Min/Prot/Unconv Diet(Human/Animal),2012,2017,37.7,2016,299,9.1,2015.0,7.2,True,69.5
GREAT VALUE PEANUT BUTTER,38,7,8,Nuts/Edible Seed,2007,2016,18.4,2007,32,32.0,,0.0,True,68.5
GARLIC,57,22,52,Vit/Min/Prot/Unconv Diet(Human/Animal),2004,2017,38.6,2015,15,7.5,,0.0,True,68.1
SLOW FE BROWN (NCH) (FERROUS SULFATE) TABLET,33,10,33,Vit/Min/Prot/Unconv Diet(Human/Animal),2013,2014,30.3,2013,31,15.5,,0.0,True,68.0
IRON,148,58,131,Vit/Min/Prot/Unconv Diet(Human/Animal),2004,2017,39.2,2016,50,7.1,,0.0,True,67.6
OYSTERS,73,30,32,Fishery/Seafood Prod,2004,2015,41.1,2013,23,5.8,,0.0,True,66.9
BENEFIBER WITH WHEAT DEXTRIN (NCH) (WHEAT DEXTRIN) POWDER,119,35,118,Vit/Min/Prot/Unconv Diet(Human/Animal),2013,2015,29.4,2013,105,15.0,,0.0,True,66.8
HERBALIFE MULTIVITAMIN COMPLEX FORMULA 2,35,34,34,Vit/Min/Prot/Unconv Diet(Human/Animal),2008,2012,97.1,2012,14,3.5,,0.0,False,66.6
GLUTEN FREE CHEERIOS,65,25,48,Cereal Prep/Breakfast Food,2015,2016,38.5,2015,57,7.1,,0.0,True,66.6
MILK THISTLE,41,16,37,Vit/Min/Prot/Unconv Diet(Human/Animal),2004,2017,39.0,2016,13,6.5,,0.0,True,65.8
LIMBREL,21,12,20,Dietary Conv Food/Meal Replacements,2007,2016,57.1,2011,9,4.5,,0.0,False,65.7
TURMERIC,43,18,39,Vit/Min/Prot/Unconv Diet(Human/Animal),2009,2017,41.9,2016,18,5.1,,0.0,True,65.2
MULTIVITAMINS,115,38,97,Vit/Min/Prot/Unconv Diet(Human/Animal),2004,2017,33.0,2015,27,9.0,2011.0,4.3,True,64.9
GLUCOSAMINE CHONDROITIN,31,12,30,Vit/Min/Prot/Unconv Diet(Human/Animal),2005,2017,38.7,2016,6,6.0,,0.0,False,64.8
AUSTIN CHEESE CRACKERS WITH PEANUT BUTTER,25,4,4,Bakery Prod/Dough/Mix/Icing,2009,2009,16.0,2009,25,25.0,,0.0,True,64.6
PETER PAN CREAMY PEANUT BUTTER,332,32,37,Nuts/Edible Seed,2007,2017,9.6,2007,294,98.0,,0.0,True,64.6
PROTANDIM US,73,29,72,Vit/Min/Prot/Unconv Diet(Human/Animal),2012,2017,39.7,2013,32,5.3,,0.0,True,64.5
BIOTIN,224,43,168,Vit/Min/Prot/Unconv Diet(Human/Animal),2004,2017,19.2,2016,113,20.5,,0.0,True,64.5
VITAMINS,169,51,152,Vit/Min/Prot/Unconv Diet(Human/Animal),2005,2017,30.2,2016,58,10.5,,0.0,True,64.5
5 HOUR ENERGY,56,40,51,Vit/Min/Prot/Unconv Diet(Human/Animal),2009,2015,71.4,2010,15,3.8,,0.0,False,64.4
CHEERIOS,32,9,22,Cereal Prep/Breakfast Food,2009,2016,28.1,2015,25,12.5,,0.0,True,64.1
AUSTIN TOASTY CRACKERS WITH PEANUT BUTTER,25,4,4,Bakery Prod/Dough/Mix/Icing,2009,2011,16.0,2009,24,24.0,,0.0,True,64.1
MULTI-VITAMIN,78,29,64,Vit/Min/Prot/Unconv Diet(Human/Animal),2010,2017,37.2,2016,41,6.3,,0.0,True,64.0
VITAMIN D3,290,99,258,Vit/Min/Prot/Unconv Diet(Human/Animal),2006,2017,34.1,2016,89,7.4,,0.0,True,63.9
VITAMIN E,242,101,209,Vit/Min/Prot/Unconv Diet(Human/Animal),2004,2017,41.7,2016,55,5.0,,0.0,True,63.9
ZINC,111,50,102,Vit/Min/Prot/Unconv Diet(Human/Animal),2005,2017,45.0,2015,24,4.8,,0.0,True,63.7
PROBIOTICS,61,22,53,Vit/Min/Prot/Unconv Diet(Human/Animal),2006,2017,36.1,2016,28,7.0,,0.0,True,63.5
UNSPECIFIED VITAMINS,23,9,22,Vit/Min/Prot/Unconv Diet(Human/Animal),2012,2017,39.1,2016,13,5.2,,0.0,True,62.8
MAGNESIUM,303,101,265,Vit/Min/Prot/Unconv Diet(Human/Animal),2004,2017,33.3,2016,87,6.7,,0.0,True,61.4
GROUPER FISH,20,18,20,Fishery/Seafood Prod,2008,2009,90.0,2009,15,3.0,,0.0,False,61.3
BENEFIBER STICK PACKS (WHEAT DEXTRIN) POWDER,38,8,38,Vit/Min/Prot/Unconv Diet(Human/Animal),2013,2014,21.1,2013,35,11.7,,0.0,True,61.3
BELLYTRIM XP,24,18,24,Vit/Min/Prot/Unconv Diet(Human/Animal),2015,2017,75.0,2016,15,3.3,,0.0,False,61.2
D3,20,9,15,Vit/Min/Prot/Unconv Diet(Human/Animal),2010,2017,45.0,2016,9,4.5,,0.0,False,61.1
JOHNSON'S BABY POWDER,25,3,25,Cosmetics,2007,2015,12.0,2015,23,23.0,,0.0,True,61.1
TOTAL BODY FORMULA,23,3,13,Vit/Min/Prot/Unconv Diet(Human/Animal),2008,2009,13.0,2008,22,22.0,,0.0,True,61.1
GREAT VALUE CREAMY PEANUT BUTTER,113,10,10,Nuts/Edible Seed,2007,2017,8.8,2007,95,38.0,,0.0,True,61.1
OMEGA-3,36,16,33,Vit/Min/Prot/Unconv Diet(Human/Animal),2008,2017,44.4,2014,13,4.3,,0.0,True,60.0
MULTI VITAMIN,94,16,66,Vit/Min/Prot/Unconv Diet(Human/Animal),2005,2017,17.0,2016,52,13.0,2016.0,6.5,True,59.9
"PRESERVISION AREDS 2 SOFT GELS (CAPSULE, SOFT)",54,4,54,Vit/Min/Prot/Unconv Diet(Human/Animal),2012,2017,7.4,2017,44,44.0,2017.0,5.5,True,59.8
FLAXSEED OIL,35,13,32,Vit/Min/Prot/Unconv Diet(Human/Animal),2004,2017,37.1,2016,10,5.0,,0.0,True,59.6
WEN CLEANSING CONDITIONER,372,22,210,Cosmetics,2011,2017,5.9,2016,322,64.4,2016.0,53.7,True,59.5
WEN SHAMPOO,58,4,34,Cosmetics,2012,2017,6.9,2016,51,51.0,,0.0,True,59.5
VITAMIN D,717,220,609,Vit/Min/Prot/Unconv Diet(Human/Animal),2004,2017,30.7,2016,226,6.6,,0.0,True,59.4
DHEA,22,10,17,Vit/Min/Prot/Unconv Diet(Human/Animal),2004,2016,45.5,2014,6,4.0,,0.0,False,59.4
NATURAL ACCELERATOR,35,34,35,Vit/Min/Prot/Unconv Diet(Human/Animal),2009,2017,97.1,2015,10,2.5,,0.0,False,59.1
ALPHA LIPOIC ACID,22,13,22,Vit/Min/Prot/Unconv Diet(Human/Animal),2004,2017,59.1,2015,5,3.3,,0.0,False,59.0
REMIFEMIN TABLET (CIMICIFUGA),28,11,26,Vit/Min/Prot/Unconv Diet(Human/Animal),2004,2005,39.3,2004,23,4.6,,0.0,True,58.9
OMEGA 3,64,21,55,Vit/Min/Prot/Unconv Diet(Human/Animal),2007,2017,32.8,2016,20,5.7,,0.0,True,58.9
HERBALIFE FLORAFIBER,31,27,31,Vit/Min/Prot/Unconv Diet(Human/Animal),2006,2015,87.1,2011,8,2.7,,0.0,False,58.4
VITAMIN C,479,156,419,Vit/Min/Prot/Unconv Diet(Human/Animal),2004,2017,32.6,2016,123,5.6,,0.0,True,58.3
MULTIVITAMIN,669,245,590,Vit/Min/Prot/Unconv Diet(Human/Animal),2004,2017,36.6,2016,153,4.9,2008.0,7.8,True,58.0
AUSTIN PEANUT BUTTER CRACKERS,49,10,12,Bakery Prod/Dough/Mix/Icing,2009,2011,20.4,2009,44,8.8,,0.0,True,58.0
VITAMIN B12,223,85,197,Vit/Min/Prot/Unconv Diet(Human/Animal),2005,2017,38.1,2016,61,4.7,2012.0,6.3,True,58.0
WEN,142,6,87,Cosmetics,2015,2017,4.2,2016,138,69.0,,0.0,True,57.8
AGELESS MALE,37,12,37,Vit/Min/Prot/Unconv Diet(Human/Animal),2012,2017,32.4,2015,22,5.5,2015.0,5.5,True,57.7
PETER PAN CRUNCHY PEANUT BUTTER,67,8,10,Nuts/Edible Seed,2007,2016,11.9,2007,53,15.1,,0.0,True,57.6
DIET COKE,49,23,37,Soft Drink/Water,2004,2016,46.9,2004,9,3.6,,0.0,False,57.5
PETER PAN PEANUT BUTTER CREAMY,24,4,4,Nuts/Edible Seed,2007,2015,16.7,2007,20,10.0,,0.0,True,57.1
CENTRUM SILVER WOMENS 50+ MULTIMINERALS MULTIVITAMIN,79,3,79,Vit/Min/Prot/Unconv Diet(Human/Animal),2014,2014,3.8,2014,79,79.0,,0.0,True,57.0
BENEFIBER WITH WHEAT DEXTRIN,23,6,23,Vit/Min/Prot/Unconv Diet(Human/Animal),2013,2016,26.1,2014,14,7.0,,0.0,True,56.8
JOHNSON'S POWDER,20,2,20,Cosmetics,2016,2016,10.0,2016,20,20.0,,0.0,True,56.6
VITAMIN B,103,37,98,Vit/Min/Prot/Unconv Diet(Human/Animal),2006,2017,35.9,2016,31,4.8,,0.0,True,56.3
COQ10,124,60,109,Vit/Min/Prot/Unconv Diet(Human/Animal),2005,2017,48.4,2015,30,3.3,,0.0,False,56.2
FISH OIL,622,221,559,Vit/Min/Prot/Unconv Diet(Human/Animal),2005,2017,35.5,2016,150,4.8,,0.0,True,56.1
WEN FIG CLEANSING CONDITIONER,21,2,7,Cosmetics,2016,2017,9.5,2016,20,20.0,,0.0,True,56.1
GLUCOSAMINE,88,32,80,Vit/Min/Prot/Unconv Diet(Human/Animal),2004,2017,36.4,2016,21,4.7,,0.0,True,56.0
COD LIVER OIL,33,13,30,Vit/Min/Prot/Unconv Diet(Human/Animal),2008,2017,39.4,2015,8,4.0,,0.0,False,56.0
QUORN NUGGETS,52,2,3,Vegetables/Vegetable Products,2017,2017,3.8,2017,52,52.0,,0.0,True,55.9
LUTEIN,44,21,40,Vit/Min/Prot/Unconv Diet(Human/Animal),2008,2016,47.7,2013,10,3.3,,0.0,False,55.8
CALCIUM CARBONATE,28,11,28,Vit/Min/Prot/Unconv Diet(Human/Animal),2004,2016,39.3,2012,6,4.0,,0.0,False,55.7
NIACIN,67,33,61,Vit/Min/Prot/Unconv Diet(Human/Animal),2004,2017,49.3,2016,13,3.2,,0.0,False,55.6
SABRA CLASSIC HUMMUS,52,4,7,Mult Food Dinner/Grav/Sauce/Special,2012,2017,7.7,2015,45,22.5,,0.0,True,55.3
HERBALIFE THERMO-BOND,25,22,24,Vit/Min/Prot/Unconv Diet(Human/Animal),2007,2014,88.0,2011,7,2.3,,0.0,False,55.3
"CENTRUM SILVER ADULTS 50+(MULTIMINERALS, MULTIVITAMINS) TABLET",27,2,27,Vit/Min/Prot/Unconv Diet(Human/Animal),2012,2015,7.4,2013,23,23.0,,0.0,True,55.3
CANTALOUPE,51,2,38,Fruit/Fruit Prod,2004,2016,3.9,2015,35,35.0,,0.0,True,55.0
IC-5,24,20,24,Vit/Min/Prot/Unconv Diet(Human/Animal),2014,2016,83.3,2016,13,2.4,,0.0,False,55.0
HERBALIFE FORMULA 1,27,24,26,Dietary Conv Food/Meal Replacements,2009,2014,88.9,2011,9,2.2,,0.0,False,54.5
WEN LAVENDER CLEANSING CONDITIONER,28,3,16,Cosmetics,2016,2017,10.7,2016,26,13.0,,0.0,True,54.4
CALCIUM,592,173,526,Vit/Min/Prot/Unconv Diet(Human/Animal),2004,2017,29.2,2016,141,5.2,,0.0,True,54.4
HERBALIFE HERBAL ALOE CONCENTRATE,35,26,34,Vit/Min/Prot/Unconv Diet(Human/Animal),2009,2015,74.3,2009,12,2.4,,0.0,False,54.3
HYDROXYCUT HARDCORE CAPSULES,132,49,132,Vit/Min/Prot/Unconv Diet(Human/Animal),2009,2013,37.1,2011,68,4.2,,0.0,True,54.1
FOLIC ACID,158,58,139,Vit/Min/Prot/Unconv Diet(Human/Animal),2004,2017,36.7,2016,34,4.2,,0.0,True,53.7
ISAFLUSH ARIZONA NUTRITIONAL SUPPLEMENTS,20,18,19,Vit/Min/Prot/Unconv Diet(Human/Animal),2011,2015,90.0,2014,7,2.0,,0.0,False,53.6
VITAMIN C (ASCORBIC ACID),79,12,79,Vit/Min/Prot/Unconv Diet(Human/Animal),2004,2016,15.2,2013,17,8.5,,0.0,True,53.6
VITAMIN B COMPLEX,60,19,56,Vit/Min/Prot/Unconv Diet(Human/Animal),2004,2017,31.7,2013,12,4.8,,0.0,True,53.5
QUORN CHICKEN PATTY,52,1,2,Vegetables/Vegetable Products,2013,2017,1.9,2017,50,50.0,,0.0,True,53.3
PRENATAL VITAMINS,28,7,23,Vit/Min/Prot/Unconv Diet(Human/Animal),2005,2017,25.0,2016,11,5.5,,0.0,True,53.2
HERBALIFE TOTAL CONTROL,51,43,48,Vit/Min/Prot/Unconv Diet(Human/Animal),2004,2015,84.3,2009,11,2.2,,0.0,False,53.1
VITAMIN,21,10,16,Vit/Min/Prot/Unconv Diet(Human/Animal),2004,2016,47.6,2013,6,3.0,,0.0,False,53.0
"CENTRUM SILVER (MULTIMINERALS, MULTIVITAMINS)",53,8,53,Vit/Min/Prot/Unconv Diet(Human/Animal),2010,2016,15.1,2011,27,7.7,,0.0,True,53.0
DAILY VITAMIN,25,6,16,Vit/Min/Prot/Unconv Diet(Human/Animal),2010,2017,24.0,2016,14,5.6,,0.0,True,52.9
MULTI VITAMINS,23,7,17,Vit/Min/Prot/Unconv Diet(Human/Animal),2011,2017,30.4,2016,12,4.8,,0.0,True,52.8
WEN HAIR CARE,25,2,19,Cosmetics,2015,2017,8.0,2016,22,14.7,,0.0,True,52.6
ECHINACEA,23,13,20,Vit/Min/Prot/Unconv Diet(Human/Animal),2004,2016,56.5,2015,5,2.5,,0.0,False,52.5
CENTRUM SILVER ADULTS 50+ MULTIMINERALS MULTIVITAMIN,32,1,32,Vit/Min/Prot/Unconv Diet(Human/Animal),2014,2014,3.1,2014,32,32.0,,0.0,True,52.5
SAW PALMETTO,33,17,31,Vit/Min/Prot/Unconv Diet(Human/Animal),2004,2016,51.5,2016,8,2.7,,0.0,False,52.5
CLAMS,24,8,8,Fishery/Seafood Prod,2004,2016,33.3,2004,9,4.5,,0.0,False,52.4
WEN SWEET ALMOND MINT CLEANSING CONDITIONER,55,4,24,Cosmetics,2007,2017,7.3,2016,48,16.0,2016.0,16.0,True,52.4
NATURAL ACCELERATOR ARIZONA NUTRITIONAL SUPPLEMENTS,31,28,30,Vit/Min/Prot/Unconv Diet(Human/Animal),2011,2015,90.3,2012,10,1.8,,0.0,False,52.3
QUORN CUTLETS,23,1,1,Vegetables/Vegetable Products,2017,2017,4.3,2017,23,23.0,,0.0,True,52.2
"ONE A DAY MEN'S HEALTH FORMULA (MULTIVITAMINS,  MINERALS, LYCOPENE) FILM-COATED TABLET",25,1,25,Vit/Min/Prot/Unconv Diet(Human/Animal),2012,2013,4.0,2013,24,24.0,,0.0,True,51.9
HERBALIFE AMINOGEN,21,19,20,Vit/Min/Prot/Unconv Diet(Human/Animal),2007,2014,90.5,2010,5,1.7,,0.0,False,51.8
B12,35,13,29,Vit/Min/Prot/Unconv Diet(Human/Animal),2006,2016,37.1,2016,13,3.7,,0.0,False,51.7
HERBALIFE CELL ACTIVATOR,82,71,78,Vit/Min/Prot/Unconv Diet(Human/Animal),2007,2015,86.6,2009,15,1.9,,0.0,False,51.5
QUORN GROUNDS,21,1,2,Vegetables/Vegetable Products,2015,2017,4.8,2017,20,20.0,,0.0,True,51.5
WEN SHAMPOO AND CONDITIONER,27,1,16,Cosmetics,2011,2017,3.7,2016,25,25.0,,0.0,True,51.4
WEN SWEET ALMOND MINT CLEANSING,29,3,14,Cosmetics,2015,2017,10.3,2016,24,9.6,,0.0,True,51.4
POTASSIUM,149,56,142,Vit/Min/Prot/Unconv Diet(Human/Animal),2004,2017,37.6,2016,36,3.6,,0.0,False,51.4
LACTAID FAST ACT CAPLETS,25,11,23,Vit/Min/Prot/Unconv Diet(Human/Animal),2009,2017,44.0,2012,6,3.0,,0.0,False,51.3
VITAMIN B6,39,19,31,Vit/Min/Prot/Unconv Diet(Human/Animal),2005,2016,48.7,2016,9,2.6,,0.0,False,51.2
CINNAMON,30,11,27,Vit/Min/Prot/Unconv Diet(Human/Animal),2008,2017,36.7,2016,11,3.7,,0.0,False,51.2
WEN PRODUCTS,21,1,14,Cosmetics,2015,2017,4.8,2016,19,19.0,,0.0,True,51.1
PROBIOTIC,77,23,62,Vit/Min/Prot/Unconv Diet(Human/Animal),2005,2017,29.9,2016,33,4.7,,0.0,True,51.0
GREEN TEA,21,8,17,Coffee/Tea,2008,2016,38.1,2015,7,3.5,,0.0,False,51.0
CALCIUM SUPPLEMENT,29,10,20,Vit/Min/Prot/Unconv Diet(Human/Animal),2004,2017,34.5,2004,6,4.0,,0.0,False,50.6
"PETER PAN PEANUT BUTTER, CREAMY",28,2,2,Nuts/Edible Seed,2007,2010,7.1,2007,26,13.0,,0.0,True,50.2
SELENIUM,41,27,40,Vit/Min/Prot/Unconv Diet(Human/Animal),2005,2016,65.9,2014,8,2.0,,0.0,False,50.2
GENERAL MILLS HONEY NUT CHEERIOS,24,5,10,Cereal Prep/Breakfast Food,2007,2017,20.8,2015,10,5.0,,0.0,True,49.8
SHRIMP,25,10,11,Fishery/Seafood Prod,2004,2017,40.0,2007,6,3.0,,0.0,False,49.7
MIXED FRUIT PLATTER,35,0,35,Fruit/Fruit Prod,2015,2015,0.0,2015,35,35.0,,0.0,True,49.7
GINKGO BILOBA,28,17,23,Vit/Min/Prot/Unconv Diet(Human/Animal),2004,2017,60.7,2008,4,2.0,,0.0,False,49.3
HERBALIFE SNACK DEFENSE,23,20,23,Vit/Min/Prot/Unconv Diet(Human/Animal),2008,2014,87.0,2009,6,1.5,,0.0,False,49.3
HERBALIFE CELL-U-LOSS,53,47,51,Vit/Min/Prot/Unconv Diet(Human/Animal),2008,2015,88.7,2008,10,1.4,,0.0,False,49.2
ONE A DAY ESSENTIAL (MULTIVITAMINS) TABLET,32,5,32,Vit/Min/Prot/Unconv Diet(Human/Animal),2012,2017,15.6,2016,17,5.7,2016.0,4.2,True,49.0
HYDROXYCUT WITH EPHEDRA,26,13,25,Vit/Min/Prot/Unconv Diet(Human/Animal),2010,2012,50.0,2012,14,2.3,,0.0,False,49.0
CRANBERRY,32,14,29,Vit/Min/Prot/Unconv Diet(Human/Animal),2008,2017,43.8,2016,8,2.7,,0.0,False,49.0
B-12,21,10,20,Vit/Min/Prot/Unconv Diet(Human/Animal),2005,2016,47.6,2016,6,2.4,,0.0,False,48.7
CABBAGE,30,0,0,Vegetables/Vegetable Products,2012,2012,0.0,2012,30,30.0,,0.0,True,48.6
CARIDANANDO CURRY POWDER,30,0,0,"Spices, Flavors And Salts",2012,2012,0.0,2012,30,30.0,,0.0,True,48.6
CARROT,29,0,0,Vegetables/Vegetable Products,2012,2012,0.0,2012,29,29.0,,0.0,True,48.3
QUORN CHICK'N NUGGETS,29,0,0,Vegetables/Vegetable Products,2017,2017,0.0,2017,29,29.0,,0.0,True,48.3
HERBALIFE FORMULA 2 MULTIVITAMIN COMPLEX,21,17,20,Vit/Min/Prot/Unconv Diet(Human/Animal),2008,2015,81.0,2014,6,1.5,,0.0,False,48.1
B COMPLEX,55,16,48,Vit/Min/Prot/Unconv Diet(Human/Animal),2004,2017,29.1,2016,13,4.3,,0.0,True,48.0
CENTRUM SILVER WOMEN'S 50+ (MULTIMINERALS MULTIVITAMINS) TABLET,23,1,22,Vit/Min/Prot/Unconv Diet(Human/Animal),2012,2015,4.3,2012,14,14.0,,0.0,True,48.0
UNCLE BEN'S INFUSED RICE MEXICAN FLAVOR,26,0,0,Whole Grain/Milled Grain Prod/Starch,2014,2014,0.0,2014,26,26.0,,0.0,True,47.3
QUORN PATTY,25,0,0,Vegetables/Vegetable Products,2017,2017,0.0,2017,25,25.0,,0.0,True,46.9
"A THOUSAND VIRGINS, G3 (GREY WASH TATTOO INK)",25,0,0,Cosmetics,2015,2015,0.0,2015,25,25.0,,0.0,True,46.9
HYDROXYCUT MAX LIQUID CAPS,33,12,33,Vit/Min/Prot/Unconv Diet(Human/Animal),2010,2012,36.4,2011,20,3.1,2011.0,4.0,False,46.2
VITAMIN B-12,54,17,50,Vit/Min/Prot/Unconv Diet(Human/Animal),2010,2017,31.5,2016,18,3.6,,0.0,False,46.2
WEN BY CHAZ DEAN,27,3,17,Cosmetics,2014,2017,11.1,2016,20,5.7,2016.0,5.0,True,45.9
CENTRUM SILVER WOMEN'S 50+,32,1,32,Vit/Min/Prot/Unconv Diet(Human/Animal),2012,2014,3.1,2012,30,15.0,,0.0,True,45.8
PRESERVISION AREDS SOFT GELS,23,11,23,Vit/Min/Prot/Unconv Diet(Human/Animal),2008,2017,47.8,2011,5,2.0,,0.0,False,45.8
AMERICAN AIRLINES FLIGHT 2163 CHICKEN DINNER,23,0,0,Mult Food Dinner/Grav/Sauce/Special,2004,2004,0.0,2004,23,23.0,,0.0,True,45.7
QUORN TENDERS,23,0,0,Vegetables/Vegetable Products,2017,2017,0.0,2017,23,23.0,,0.0,True,45.7
QUORN MEATBALLS,29,1,4,Vegetables/Vegetable Products,2013,2017,3.4,2017,27,13.5,,0.0,True,45.5
OMEGAPLEX,59,17,56,Vit/Min/Prot/Unconv Diet(Human/Animal),2011,2017,28.8,2015,19,3.8,,0.0,False,45.4
FLINTSTONES GUMMIES (MULTIVITAMINS),26,1,26,Vit/Min/Prot/Unconv Diet(Human/Animal),2011,2012,3.8,2012,24,12.0,,0.0,True,45.4
WEN CONDITIONING SHAMPOO,20,1,13,Cosmetics,2016,2017,5.0,2016,18,9.0,,0.0,True,45.3
FLINSTONES COMPLETE (MULTIVITAMINS) CHEWABLE TABLET,21,3,21,Vit/Min/Prot/Unconv Diet(Human/Animal),2011,2013,14.3,2012,15,5.0,,0.0,True,45.3
WEN HAIR PRODUCTS,43,3,29,Cosmetics,2014,2017,7.0,2016,34,7.6,,0.0,True,45.1
"CENTRUM SILVER (MULTIMINERALS, MULTIVITAMINS) TABLET",222,30,221,Vit/Min/Prot/Unconv Diet(Human/Animal),2008,2017,13.5,2011,60,5.0,2016.0,4.0,True,45.1
RELACORE,49,12,22,Vit/Min/Prot/Unconv Diet(Human/Animal),2004,2011,24.5,2006,19,4.2,,0.0,True,45.0
WEN HAIR CARE PRODUCTS,24,2,17,Cosmetics,2016,2017,8.3,2016,21,7.0,,0.0,True,44.9
PRESERVISION AREDS 2 FORMULA SOFT GELS,44,7,44,Vit/Min/Prot/Unconv Diet(Human/Animal),2014,2016,15.9,2016,31,4.8,,0.0,True,44.8
CENTRUM SILVER WOMEN'S 50 PLUS MULTIMINERALS MULTIVITAMINS TABLET,21,0,21,Vit/Min/Prot/Unconv Diet(Human/Animal),2012,2012,0.0,2012,21,21.0,,0.0,True,44.7
CALCIUM WITH VITAMIN D,22,10,19,Vit/Min/Prot/Unconv Diet(Human/Animal),2004,2017,45.5,2013,4,2.0,,0.0,False,44.7
"CENTRUM (MULTIMINERALS, MULTIVITAMINS)",30,5,30,Vit/Min/Prot/Unconv Diet(Human/Animal),2011,2016,16.7,2011,14,4.7,,0.0,True,44.6
RAW CLAMS,78,25,26,Fishery/Seafood Prod,2004,2014,32.1,2012,15,3.3,,0.0,False,44.3
PHILLIPS' COLON HEALTH (BIFIDOBACTERIUM + LACTOBACILLUS) CAPSULE,54,5,54,Vit/Min/Prot/Unconv Diet(Human/Animal),2011,2017,9.3,2013,24,6.0,,0.0,True,44.1
HYDROXYCUT CAFFEINE-FREE CAPLETS,40,14,39,Vit/Min/Prot/Unconv Diet(Human/Animal),2009,2012,35.0,2011,21,3.0,,0.0,False,44.0
CATALYST BOTTLE,26,9,26,Vit/Min/Prot/Unconv Diet(Human/Animal),2010,2017,34.6,2015,6,3.0,,0.0,False,43.8
WEN SWEET ALMOND MINT,55,0,33,Cosmetics,2016,2017,0.0,2016,52,17.3,,0.0,True,43.5
"CENTRUM SILVER WOMEN'S 50+ (MULTIMINERALS, MULTIVITAMINS) TABLET",617,49,615,Vit/Min/Prot/Unconv Diet(Human/Animal),2012,2017,7.9,2013,332,6.3,2013.0,5.2,True,43.3
CALTRATE (CALCIUM CARBONATE),21,6,20,Vit/Min/Prot/Unconv Diet(Human/Animal),2008,2015,28.6,2013,7,3.5,,0.0,False,43.1
COFFEE,36,4,10,Coffee/Tea,2004,2017,11.1,2009,10,5.0,,0.0,True,42.9
COCA COLA DIET COKE,25,5,7,Soft Drink/Water,2004,2016,20.0,2008,6,4.0,,0.0,False,42.8
SPLENDA,88,23,51,Food Additives (Human Use),2004,2017,26.1,2008,16,3.6,,0.0,False,42.8
CO Q-10,22,11,22,Vit/Min/Prot/Unconv Diet(Human/Animal),2013,2016,50.0,2016,7,1.4,,0.0,False,42.7
"ONE A DAY MEN'S HEALTH FORMULA (MULTIVITAMINS, MINERALS, LYCOPENE) FILM-COATED TABLET",63,2,63,Vit/Min/Prot/Unconv Diet(Human/Animal),2012,2016,3.2,2013,45,10.0,,0.0,True,42.7
"CENTRUM SILVER ULTRA WOMEN'S (MULTIMINERALS, MULTIVITAMINS) TABLET",157,2,157,Vit/Min/Prot/Unconv Diet(Human/Animal),2010,2015,1.3,2011,95,10.6,2011.0,10.6,True,42.5
VITAMIN C ASCORBIC ACID,24,4,24,Vit/Min/Prot/Unconv Diet(Human/Animal),2011,2015,16.7,2011,11,4.4,,0.0,True,42.4
KRILL OIL,33,12,29,Vit/Min/Prot/Unconv Diet(Human/Animal),2011,2017,36.4,2013,9,2.6,,0.0,False,42.3
QUORN CHICKEN CUTLETS,31,0,2,Vegetables/Vegetable Products,2013,2017,0.0,2017,29,14.5,,0.0,True,41.8
VITAMIN A,51,20,42,Vit/Min/Prot/Unconv Diet(Human/Animal),2005,2016,39.2,2015,9,2.2,,0.0,False,41.7
BRAZILIAN BLOWOUT,41,8,21,Cosmetics,2010,2017,19.5,2011,13,3.7,,0.0,False,41.2
RED YEAST RICE,38,16,35,Vit/Min/Prot/Unconv Diet(Human/Animal),2005,2017,42.1,2016,6,1.7,,0.0,False,41.0
CENTRUM,49,13,45,Vit/Min/Prot/Unconv Diet(Human/Animal),2005,2017,26.5,2016,10,3.3,,0.0,False,40.8
"CENTRUM SILVER (MULTIMINERALS, MULTIVITAMINS) CHEWABLE TABLET",27,6,27,Vit/Min/Prot/Unconv Diet(Human/Animal),2010,2017,22.2,2013,7,3.5,,0.0,False,40.7
"PRESERVISION AREDS 2 FORMULA SOFT GELS (CAPSULE, SOFT)",150,37,150,Vit/Min/Prot/Unconv Diet(Human/Animal),2014,2017,24.7,2016,82,3.4,,0.0,False,40.7
CHICKEN,35,0,0,"Meat, Meat Products and Poultry",2006,2012,0.0,2012,30,12.0,,0.0,True,40.4
CENTRUM SILVER ULTRA WOMEN'S MULTIMINERALS MULTIVITAMINS TABLET,43,1,43,Vit/Min/Prot/Unconv Diet(Human/Animal),2011,2015,2.3,2012,30,8.6,2012.0,6.0,True,39.9
FLINTSTONES COMPLETE (MULTIVITAMINS + MINERALS) CHEWABLE TABLET,34,9,34,Vit/Min/Prot/Unconv Diet(Human/Animal),2012,2017,26.5,2013,13,3.2,,0.0,False,39.8
SUPER BETA VIRILITY BOOST,21,7,18,Vit/Min/Prot/Unconv Diet(Human/Animal),2016,2017,33.3,2017,15,2.5,,0.0,False,39.6
CENTRUM SILVER MULTIMINERALS MULTIVITAMINS,37,4,36,Vit/Min/Prot/Unconv Diet(Human/Animal),2011,2015,10.8,2012,16,4.6,,0.0,True,39.2
FLINTSTONES COMPLETE MULTIVITAMINS CHEWABLE TABLET,56,6,55,Vit/Min/Prot/Unconv Diet(Human/Animal),2011,2012,10.7,2012,46,4.6,2012.0,4.6,True,38.9
"CENTRUM SILVER WOMEN'S 50 + (MULTIMINERALS, MULTIVITAMINS) TABLET",24,0,24,Vit/Min/Prot/Unconv Diet(Human/Animal),2012,2014,0.0,2013,20,10.0,,0.0,True,38.9
JIF CREAMY PEANUT BUTTER,43,0,0,Nuts/Edible Seed,2004,2016,0.0,2009,20,10.0,2009.0,6.7,True,38.9
GARCINIA CAMBOGIA,30,12,21,Vit/Min/Prot/Unconv Diet(Human/Animal),2013,2016,40.0,2015,10,1.4,,0.0,False,38.0
HONEY NUT CHEERIOS,39,11,31,Cereal Prep/Breakfast Food,2015,2017,28.2,2015,23,2.9,,0.0,False,37.7
CALCIUM CITRATE,25,3,20,Vit/Min/Prot/Unconv Diet(Human/Animal),2005,2017,12.0,2016,6,4.0,,0.0,False,37.6
"CENTRUM SILVER WOMEN'S 50+ MULTIMINERALS, MULTIVITAMINS TABLET",80,6,80,Vit/Min/Prot/Unconv Diet(Human/Animal),2012,2015,7.5,2013,38,4.8,2013.0,4.8,True,37.1
SALAD,23,0,1,Vegetables/Vegetable Products,2004,2015,0.0,2010,8,8.0,,0.0,False,36.5
"CENTRUM SILVER WOMENS 50+ (MULTIMINERALS, MULTIVITAMINS) TABLET",72,2,71,Vit/Min/Prot/Unconv Diet(Human/Animal),2013,2015,2.8,2014,55,6.5,2014.0,4.6,True,36.5
MNS MAX 3,22,7,22,Vit/Min/Prot/Unconv Diet(Human/Animal),2010,2016,31.8,2015,7,2.3,,0.0,False,36.3
ONE A DAY WOMEN'S 50 PLUS ADVANTAGE,24,6,22,Vit/Min/Prot/Unconv Diet(Human/Animal),2008,2011,25.0,2008,11,2.8,,0.0,False,36.1
TOMATOES,22,2,2,Vegetables/Vegetable Products,2004,2015,9.1,2008,9,4.5,,0.0,False,36.1
TRADER JOE'S RAW PINE NUTS,20,0,0,Nuts/Edible Seed,2009,2014,0.0,2011,11,7.3,,0.0,True,35.5
FISH OIL (FISH OIL),21,0,21,Vit/Min/Prot/Unconv Diet(Human/Animal),2011,2017,0.0,2013,11,7.3,,0.0,True,35.5
OMEGA 3 FISH OIL,33,10,31,Vit/Min/Prot/Unconv Diet(Human/Animal),2005,2017,30.3,2010,7,2.3,,0.0,False,35.2
B-COMPLEX,33,5,27,Vit/Min/Prot/Unconv Diet(Human/Animal),2009,2017,15.2,2016,10,3.3,,0.0,False,34.7
DIET PEPSI,25,9,19,Soft Drink/Water,2004,2016,36.0,2007,4,1.6,,0.0,False,34.0
ONE A DAY MEN'S HEALTH FORMULA,27,5,27,Vit/Min/Prot/Unconv Diet(Human/Animal),2008,2015,18.5,2008,8,2.7,,0.0,False,32.8
ASPARTAME,20,6,9,Food Additives (Human Use),2004,2016,30.0,2015,5,2.0,,0.0,False,32.4
"CENTRUM (MULTIMINERALS, MULTIVITAMINS) UNKNOWN",24,4,24,Vit/Min/Prot/Unconv Diet(Human/Animal),2013,2017,16.7,2016,11,2.8,,0.0,False,32.1
"CENTRUM (MULTIMINERALS, MULTIVITAMINS) TABLET",57,6,57,Vit/Min/Prot/Unconv Diet(Human/Animal),2011,2017,10.5,2016,17,3.4,,0.0,False,31.9
CALTRATE (CALCIUM CARBONATE) TABLET,33,6,33,Vit/Min/Prot/Unconv Diet(Human/Animal),2011,2016,18.2,2011,13,2.6,,0.0,False,31.9
TRUBIOTICS (BIFIDOBACTERIUM + LACTOBACILLUS) CAPSULE,31,4,31,Vit/Min/Prot/Unconv Diet(Human/Animal),2012,2017,12.9,2013,12,3.0,,0.0,False,31.3
VITAMIN E (TOCOPHEROL),24,3,24,Vit/Min/Prot/Unconv Diet(Human/Animal),2008,2016,12.5,2013,6,3.0,,0.0,False,31.0
HYDROXYCUT REGULAR DRINK MIX SACHETS,21,7,20,Vit/Min/Prot/Unconv Diet(Human/Animal),2010,2012,33.3,2011,8,1.2,,0.0,False,30.8
"CENTRUM SILVER MEN'S 50+ (MULTIMINERALS, MULTIVITAMINS) TABLET",96,18,96,Vit/Min/Prot/Unconv Diet(Human/Animal),2012,2017,18.8,2016,26,2.4,2013.0,6.0,False,30.7
CENTRUM SILVER,170,52,162,Vit/Min/Prot/Unconv Diet(Human/Animal),2004,2017,30.6,2015,21,1.5,,0.0,False,30.0
ONE A DAY WOMEN'S (MULTIVITAMINS + MINERALS) FILM-COATED TABLET,85,3,84,Vit/Min/Prot/Unconv Diet(Human/Animal),2012,2017,3.5,2013,41,4.6,,0.0,True,29.8
TATTOO INK,24,3,15,Cosmetics,2012,2016,12.5,2015,10,2.9,,0.0,False,29.8
"CENTRUM ULTRA WOMEN'S (MULTIMINERALS, MULTIVITAMINS) TABLET",33,0,33,Vit/Min/Prot/Unconv Diet(Human/Animal),2010,2014,0.0,2012,18,5.1,2012.0,6.0,True,29.8
FLINTSTONES COMPLETE (MULTIVITAMINS) CHEWABLE TABLET,49,5,49,Vit/Min/Prot/Unconv Diet(Human/Animal),2010,2012,10.2,2012,30,3.2,2011.0,5.3,False,29.5
VITAMIN D (ERGOCALCIFEROL),76,12,76,Vit/Min/Prot/Unconv Diet(Human/Animal),2008,2017,15.8,2013,15,2.5,,0.0,False,29.3
CITRACAL (CHOLECALCIFEROL + CALCIUM CITRATE) COATED TABLET,22,1,22,Vit/Min/Prot/Unconv Diet(Human/Animal),2011,2017,4.5,2013,6,4.0,,0.0,False,29.2
TRADER JOE'S DRY TOASTED PIGNOLIAS,21,0,0,Nuts/Edible Seed,2010,2014,0.0,2011,15,5.0,2011.0,5.0,True,28.8
FLINTSTONES COMPLETE,26,5,25,Vit/Min/Prot/Unconv Diet(Human/Animal),2008,2012,19.2,2012,9,2.2,,0.0,False,28.8
"CENTRUM SILVER ADULTS 50+ (MULTIMINERALS, MULTIVITAMINS) TABLET",107,18,107,Vit/Min/Prot/Unconv Diet(Human/Animal),2012,2017,16.8,2013,37,2.3,2013.0,5.3,False,28.7
CENTRUM SILVER MULTIMINERALS MULTIVITAMINS TABLET,60,3,59,Vit/Min/Prot/Unconv Diet(Human/Animal),2011,2015,5.0,2011,26,3.7,,0.0,False,28.6
ONE A DAY WOMEN'S,77,19,77,Vit/Min/Prot/Unconv Diet(Human/Animal),2008,2012,24.7,2008,34,1.9,,0.0,False,28.6
CITRACAL MAXIMUM (CHOLECALCIFEROL + CALCIUM CITRATE) FILM-COATED TABLET,108,11,108,Vit/Min/Prot/Unconv Diet(Human/Animal),2011,2017,10.2,2016,35,3.0,,0.0,False,28.0
CENTRUM SILVER ULTRA WOMEN'S,44,3,44,Vit/Min/Prot/Unconv Diet(Human/Animal),2009,2012,6.8,2012,24,3.4,,0.0,False,27.4
MILK,34,3,4,Milk/Butter/Dried Milk Prod,2004,2016,8.8,2009,6,3.0,,0.0,False,26.5
PEPSI COLA,26,3,4,Soft Drink/Water,2004,2016,11.5,2015,5,2.5,,0.0,False,26.5
EOS LIP BALM,49,2,33,Cosmetics,2014,2017,4.1,2016,25,3.6,,0.0,False,26.0
"CALTRATE 600 + VITAMIN D (CALCIUM CARBONATE, CHOLECALCIFEROL) TABLET",72,8,71,Vit/Min/Prot/Unconv Diet(Human/Animal),2010,2017,11.1,2011,19,2.4,2011.0,6.3,False,25.1
AMPORT FOODS PINE NUTS,25,0,0,Nuts/Edible Seed,2009,2015,0.0,2011,9,4.5,,0.0,False,24.7
ONE A DAY WOMENS (MULTIVITAMINS + MINERALS) FILM-COATED TABLET,24,1,24,Vit/Min/Prot/Unconv Diet(Human/Animal),2014,2016,4.2,2014,15,3.3,,0.0,False,23.9
VITAMIN D CHOLECALCIFEROL,42,5,42,Vit/Min/Prot/Unconv Diet(Human/Animal),2011,2015,11.9,2013,14,2.2,,0.0,False,23.8
VITAMIN B12 (CYANOCOBALAMIN),34,2,34,Vit/Min/Prot/Unconv Diet(Human/Animal),2008,2017,5.9,2013,9,3.0,,0.0,False,23.3
PINE NUTS,60,0,5,Nuts/Edible Seed,2009,2017,0.0,2011,17,4.2,,0.0,True,23.3
"CENTRUM WOMEN UNDER 50 (MULTIMINERALS, MULTIVITAMINS) TABLET",26,0,26,Vit/Min/Prot/Unconv Diet(Human/Animal),2012,2016,0.0,2013,12,4.0,2013.0,4.0,True,22.3
FRESH EXPRESS SPINACH,22,1,1,Vegetables/Vegetable Products,2005,2016,4.5,2006,6,3.0,,0.0,False,22.2
"CENTRUM SILVER WOMEN'S 50+(MULTIMINERALS, MULTIVITAMINS) TABLET",36,4,36,Vit/Min/Prot/Unconv Diet(Human/Animal),2012,2016,11.1,2016,12,1.8,2016.0,4.0,False,20.1
EMERGEN-C,24,2,23,Vit/Min/Prot/Unconv Diet(Human/Animal),2010,2015,8.3,2012,11,2.2,,0.0,False,19.6
VITAMIN D3 CHOLECALCIFEROL,34,4,34,Vit/Min/Prot/Unconv Diet(Human/Animal),2011,2015,11.8,2014,11,1.6,,0.0,False,19.5
ESTROVEN MAXIMUM STRENGTH,21,2,20,Vit/Min/Prot/Unconv Diet(Human/Animal),2009,2015,9.5,2012,5,2.0,,0.0,False,19.5
"EMERGEN-C (ASCORBIC ACID, B-COMPLEX, ELECTROLYTE, MULTIMINERAL, MULTIVIT, ZINC) POWDER FOR ORAL SOLUTION",63,6,63,Vit/Min/Prot/Unconv Diet(Human/Animal),2012,2017,9.5,2012,19,1.9,,0.0,False,18.6
ONE A DAY WOMEN'S 50+ HEALTHY ADVANTAGE (MULTIVITAMINS + MINERALS) FILM-COATED TABLET,64,4,64,Vit/Min/Prot/Unconv Diet(Human/Animal),2012,2016,6.2,2013,23,2.3,2013.0,4.6,False,18.2
CITRACAL MAXIMUM (CHOLECALCIFEROL +CALCIUM CITRATE) FILM-COATED TABLET,25,1,25,Vit/Min/Prot/Unconv Diet(Human/Animal),2014,2017,4.0,2016,9,2.2,,0.0,False,14.4
CITRACAL PETITES (CHOLECALCIFEROL + CALCIUM CITRATE) FILM-COATED TABLET,107,7,106,Vit/Min/Prot/Unconv Diet(Human/Animal),2011,2017,6.5,2016,27,1.7,2013.0,6.0,False,13.9
LACTAID FAST ACT,26,2,18,Vit/Min/Prot/Unconv Diet(Human/Animal),2010,2017,7.7,2012,5,1.4,,0.0,False,13.8
CENTRUM SILVER WOMEN'S 50+ MULTIMINERALS MULTIVITAMINS TABLET,132,6,132,Vit/Min/Prot/Unconv Diet(Human/Animal),2012,2015,4.5,2012,45,1.6,,0.0,False,11.7
SHOWER TO SHOWER TALCUM POWDER,31,0,31,Cosmetics,2015,2017,0.0,2016,17,2.4,,0.0,False,11.0
QUORN,62,2,8,Vegetables/Vegetable Products,2006,2017,3.2,2012,25,1.9,,0.0,False,10.5
CENTRUM SILVER ULTRA WOMENS MULTIMINERAL MULTIVITAMINS TABLET,27,1,27,Vit/Min/Prot/Unconv Diet(Human/Animal),2011,2012,3.7,2011,15,1.2,,0.0,False,7.7
TRADER JOE'S PINE NUTS,25,0,0,Nuts/Edible Seed,2010,2014,0.0,2011,11,1.8,,0.0,False,6.0
CITRACAL PETITES (CHOLECALCIFEROL +CALCIUM CITRATE) FILM-COATED TABLET,25,0,25,Vit/Min/Prot/Unconv Diet(Human/Animal),2014,2017,0.0,2017,10,1.7,,0.0,False,5.4
CENTRUM SILVER ULTRA WOMENS MULTIMINERALS MULTIVITAMINS TABLET,121,1,121,Vit/Min/Prot/Unconv Diet(Human/Animal),2011,2012,0.8,2011,64,1.1,,0.0,False,5.4
CENTRUM ULTRA WOMENS MULTIMINERALS MULTIVITAMINS TABLET,26,0,26,Vit/Min/Prot/Unconv Diet(Human/Animal),2011,2012,0.0,2011,13,1.0,,0.0,False,2.7
